商品,订单号,订单状态,商品总价(元),邮费(元),店铺优惠折扣(元),平台优惠折扣(元),多多支付立减金额(元),用户实付金额(元),商家实收金额(元),商品数量(件),发货时间,确认收货时间,商品id,商品规格,样式ID,商家编码-规格维度,商家编码-商品维度,商家备注,售后状态,快递单号,快递公司,订单成交时间,是否分期,分期期数,手续费承担方,分期方式
趣白全自动洗面奶打泡机感应泡沫机绵密泡沫礼品新品懒人洗脸神器,260614-680882389303200,已发货，待收货,168.99	,0.0	,0.0	,0.0	,0.0	,168.99	,168.99	,1	,2026-06-14 09:08:44,	,928653435663	,	,1877214163146	,	,QBPH004,	,无售后或售后取消,KJE000000235392,快捷快物流,2026-06-14 01:55:16,否,,	,
趣白全自动洗面奶打泡机感应泡沫机绵密泡沫礼品新品懒人洗脸神器,260614-221941603852414,已发货，待收货,168.99	,0.0	,0.0	,0.0	,0.0	,168.99	,168.99	,1	,2026-06-14 09:08:44,	,928653435663	,	,1877214163146	,	,QBPH004,	,无售后或售后取消,KJE000000235393,快捷快物流,2026-06-14 01:00:50,否,,	,
趣白全自动洗面奶打泡机感应泡沫机绵密泡沫礼品新品懒人洗脸神器,260613-446232040990767,已发货，待收货,168.99	,0.0	,0.0	,0.0	,0.0	,168.99	,168.99	,1	,2026-06-14 09:08:44,	,928653435663	,	,1877214163146	,	,QBPH004,	,无售后或售后取消,KJE000000235394,快捷快物流,2026-06-13 18:46:53,否,,	,
趣白全自动洗面奶打泡机感应泡沫机绵密泡沫礼品新品懒人洗脸神器,260612-520953546333538,已发货，待收货,168.99	,0.0	,0.0	,0.0	,0.0	,168.99	,168.99	,1	,2026-06-13 09:55:59,	,928653435663	,	,1877214163146	,	,QBPH004,	,无售后或售后取消,KJE000000232117,快捷快物流,2026-06-12 18:03:51,否,,	,
趣白全自动洗面奶打泡机感应泡沫机绵密泡沫礼品新品懒人洗脸神器,260612-380979177831285,已发货，待收货,168.99	,0.0	,0.0	,0.0	,0.0	,168.99	,168.99	,1	,2026-06-12 09:04:55,	,928653435663	,	,1877214163146	,	,QBPH004,	,无售后或售后取消,KJE000000226481,快捷快物流,2026-06-12 01:33:08,否,,	,
趣白全自动洗面奶打泡机感应泡沫机绵密泡沫礼品新品懒人洗脸神器,260611-227929003661255,已发货，待收货,168.99	,0.0	,0.0	,0.0	,0.0	,168.99	,168.99	,1	,2026-06-12 09:04:56,	,928653435663	,	,1877214163146	,	,QBPH004,	,无售后或售后取消,KJE000000226482,快捷快物流,2026-06-11 22:24:18,否,,	,
趣白全自动洗面奶打泡机感应泡沫机绵密泡沫礼品新品懒人洗脸神器,260611-256576131451056,已发货，待收货,168.99	,0.0	,0.0	,0.0	,0.0	,168.99	,168.99	,1	,2026-06-12 09:04:56,	,928653435663	,	,1877214163146	,	,QBPH004,	,无售后或售后取消,KJE000000226483,快捷快物流,2026-06-11 17:46:32,否,,	,
趣白全自动洗面奶打泡机感应泡沫机绵密泡沫礼品新品懒人洗脸神器,260611-237282343302832,已发货，待收货,168.99	,0.0	,0.0	,0.0	,0.0	,168.99	,168.99	,1	,2026-06-12 09:04:56,	,928653435663	,	,1877214163146	,	,QBPH004,	,无售后或售后取消,KJE000000226484,快捷快物流,2026-06-11 17:31:56,否,,	,
趣白全自动洗面奶打泡机感应泡沫机绵密泡沫礼品新品懒人洗脸神器,260611-356704601723282,已发货，待收货,168.99	,0.0	,0.0	,0.0	,0.0	,168.99	,168.99	,1	,2026-06-11 14:05:29,	,928653435663	,	,1877214163146	,	,QBPH004,	,无售后或售后取消,KJE000000224034,快捷快物流,2026-06-11 11:14:49,否,,	,
趣白全自动洗面奶打泡机感应泡沫机绵密泡沫礼品新品懒人洗脸神器,260610-408630126923971,已发货，待收货,168.99	,0.0	,0.0	,28.0	,0.0	,140.99	,168.99	,1	,2026-06-11 08:54:52,	,928653435663	,	,1877214163146	,	,QBPH004,	,无售后或售后取消,KJE000000221189,快捷快物流,2026-06-10 20:14:56,否,,	,
趣白全自动洗面奶打泡机感应泡沫机绵密泡沫礼品新品懒人洗脸神器,260610-307526449563920,已发货，待收货,168.99	,0.0	,0.0	,0.0	,0.0	,168.99	,168.99	,1	,2026-06-11 09:35:46,	,928653435663	,	,1877214163146	,	,QBPH004,	,无售后或售后取消,KJE000000221664,快捷快物流,2026-06-10 14:37:30,否,,	,
趣白全自动洗面奶打泡机感应泡沫机绵密泡沫礼品新品懒人洗脸神器,260610-110918387242229,已发货，待收货,168.99	,0.0	,0.0	,0.0	,0.16	,168.99	,168.99	,1	,2026-06-10 08:42:20,	,928653435663	,	,1877214163146	,	,QBPH004,	,无售后或售后取消,KJE000000215839,快捷快物流,2026-06-10 08:35:03,否,,	,
趣白全自动洗面奶打泡机感应泡沫机绵密泡沫礼品新品懒人洗脸神器,260609-524906698263785,已发货，待收货,168.99	,0.0	,0.0	,0.0	,0.0	,168.99	,168.99	,1	,2026-06-10 08:42:21,	,928653435663	,	,1877214163146	,	,QBPH004,	,无售后或售后取消,KJE000000215838,快捷快物流,2026-06-09 23:41:06,否,,	,
趣白全自动洗面奶打泡机感应泡沫机绵密泡沫礼品新品懒人洗脸神器,260609-589865950763193,已发货，待收货,168.99	,0.0	,0.0	,0.0	,0.0	,168.99	,168.99	,1	,2026-06-09 16:20:09,	,928653435663	,	,1877214163146	,	,QBPH004,	,无售后或售后取消,KJE000000215046,快捷快物流,2026-06-09 11:48:57,否,,	,
趣白全自动洗面奶打泡机感应泡沫机绵密泡沫礼品新品懒人洗脸神器,260608-618014983762270,已发货，待收货,168.99	,0.0	,0.0	,0.0	,0.0	,168.99	,168.99	,1	,2026-06-09 09:44:47,	,928653435663	,	,1877214163146	,	,QBPH004,	,无售后或售后取消,KJE000000211347,快捷快物流,2026-06-08 21:52:34,否,,	,
趣白全自动洗面奶打泡机感应泡沫机绵密泡沫礼品新品懒人洗脸神器,260608-350308298281422,已发货，待收货,168.99	,0.0	,0.0	,0.0	,0.0	,168.99	,168.99	,1	,2026-06-08 13:31:35,	,928653435663	,	,1877214163146	,	,QBPH004,	,无售后或售后取消,KJE000000209040,快捷快物流,2026-06-08 13:23:04,否,,	,
趣白全自动洗面奶打泡机感应泡沫机绵密泡沫礼品新品懒人洗脸神器,260608-301192978021098,已发货，待收货,168.99	,0.0	,0.0	,0.0	,0.0	,168.99	,168.99	,1	,2026-06-08 13:31:36,	,928653435663	,	,1877214163146	,	,QBPH004,	,无售后或售后取消,KJE000000209042,快捷快物流,2026-06-08 11:16:06,否,,	,
趣白全自动洗面奶打泡机感应泡沫机绵密泡沫礼品新品懒人洗脸神器,260608-318609845861570,已发货，待收货,168.99	,0.0	,0.0	,0.0	,0.0	,168.99	,168.99	,1	,2026-06-08 13:31:36,	,928653435663	,	,1877214163146	,	,QBPH004,	,无售后或售后取消,KJE000000209043,快捷快物流,2026-06-08 11:12:49,否,,	,
趣白全自动洗面奶打泡机感应泡沫机绵密泡沫礼品新品懒人洗脸神器,260608-474218566073801,已发货，待收货,168.99	,0.0	,0.0	,42.24	,0.0	,126.75	,168.99	,1	,2026-06-08 13:31:36,	,928653435663	,	,1877214163146	,	,QBPH004,	,无售后或售后取消,KJE000000209044,快捷快物流,2026-06-08 10:34:29,否,,	,
趣白全自动洗面奶打泡机感应泡沫机绵密泡沫礼品新品懒人洗脸神器,260608-570435868193356,已发货，待收货,168.99	,0.0	,0.0	,25.34	,0.0	,143.65	,168.99	,1	,2026-06-08 09:46:05,	,928653435663	,	,1877214163146	,	,QBPH004,	,无售后或售后取消,KJE000000206864,快捷快物流,2026-06-08 06:16:44,否,,	,
趣白全自动洗面奶打泡机感应泡沫机绵密泡沫礼品新品懒人洗脸神器,260608-214014421291361,已发货，待收货,168.99	,0.0	,0.0	,0.0	,0.0	,168.99	,168.99	,1	,2026-06-08 09:46:05,	,928653435663	,	,1877214163146	,	,QBPH004,	,无售后或售后取消,KJE000000206865,快捷快物流,2026-06-08 04:51:31,否,,	,
趣白全自动洗面奶打泡机感应泡沫机绵密泡沫礼品新品懒人洗脸神器,260608-165045942680849,已发货，待收货,168.99	,0.0	,0.0	,25.34	,0.0	,143.65	,168.99	,1	,2026-06-08 09:46:05,	,928653435663	,	,1877214163146	,	,QBPH004,	,无售后或售后取消,KJE000000206866,快捷快物流,2026-06-08 04:51:20,否,,	,
趣白全自动洗面奶打泡机感应泡沫机绵密泡沫礼品新品懒人洗脸神器,260608-522421563001913,已发货，待收货,168.99	,0.0	,0.0	,25.34	,0.0	,143.65	,168.99	,1	,2026-06-08 09:46:05,	,928653435663	,	,1877214163146	,	,QBPH004,	,无售后或售后取消,KJE000000206867,快捷快物流,2026-06-08 02:58:31,否,,	,
趣白全自动洗面奶打泡机感应泡沫机绵密泡沫礼品新品懒人洗脸神器,260608-473222398383435,已发货，待收货,168.99	,0.0	,0.0	,0.0	,0.0	,168.99	,168.99	,1	,2026-06-08 09:46:06,	,928653435663	,	,1877214163146	,	,QBPH004,	,无售后或售后取消,KJE000000206869,快捷快物流,2026-06-08 00:13:19,否,,	,
趣白全自动洗面奶打泡机感应泡沫机绵密泡沫礼品新品懒人洗脸神器,260607-515710697840274,已发货，待收货,168.99	,0.0	,0.0	,0.0	,0.0	,168.99	,168.99	,1	,2026-06-08 09:46:06,	,928653435663	,	,1877214163146	,	,QBPH004,	,无售后或售后取消,KJE000000206870,快捷快物流,2026-06-07 23:28:38,否,,	,
趣白全自动洗面奶打泡机感应泡沫机绵密泡沫礼品新品懒人洗脸神器,260607-158817328721478,已发货，待收货,168.99	,0.0	,0.0	,16.89	,0.0	,152.1	,168.99	,1	,2026-06-08 10:00:57,	,928653435663	,	,1877214163146	,	,QBPH004,	,无售后或售后取消,KJE000000206973,快捷快物流,2026-06-07 22:47:36,否,,	,
趣白全自动洗面奶打泡机感应泡沫机绵密泡沫礼品新品懒人洗脸神器,260607-421905109372720,已发货，待收货,168.99	,0.0	,0.0	,25.34	,0.0	,143.65	,168.99	,1	,2026-06-08 09:46:07,	,928653435663	,	,1877214163146	,	,QBPH004,	,无售后或售后取消,KJE000000206873,快捷快物流,2026-06-07 19:32:25,否,,	,
趣白全自动洗面奶打泡机感应泡沫机绵密泡沫礼品新品懒人洗脸神器,260607-026235379260584,已发货，待收货,168.99	,0.0	,0.0	,25.34	,0.0	,143.65	,168.99	,1	,2026-06-08 09:46:07,	,928653435663	,	,1877214163146	,	,QBPH004,	,无售后或售后取消,KJE000000206874,快捷快物流,2026-06-07 19:32:22,否,,	,
趣白全自动洗面奶打泡机感应泡沫机绵密泡沫礼品新品懒人洗脸神器,260607-278942247340013,已发货，待收货,168.99	,0.0	,0.0	,42.24	,0.0	,126.75	,168.99	,1	,2026-06-08 09:46:07,	,928653435663	,	,1877214163146	,	,QBPH004,	,无售后或售后取消,KJE000000206875,快捷快物流,2026-06-07 18:40:37,否,,	,
趣白全自动洗面奶打泡机感应泡沫机绵密泡沫礼品新品懒人洗脸神器,260607-403754206860585,已发货，待收货,168.99	,0.0	,0.0	,3.0	,0.0	,165.99	,168.99	,1	,2026-06-08 09:46:07,	,928653435663	,	,1877214163146	,	,QBPH004,	,无售后或售后取消,KJE000000206876,快捷快物流,2026-06-07 17:48:22,否,,	,
趣白全自动洗面奶打泡机感应泡沫机绵密泡沫礼品新品懒人洗脸神器,260607-537594467882172,已发货，待收货,168.99	,0.0	,0.0	,33.79	,0.0	,135.2	,168.99	,1	,2026-06-08 09:46:08,	,928653435663	,	,1877214163146	,	,QBPH004,	,无售后或售后取消,KJE000000206877,快捷快物流,2026-06-07 17:33:20,否,,	,
趣白全自动洗面奶打泡机感应泡沫机绵密泡沫礼品新品懒人洗脸神器,260607-571662743891464,已发货，待收货,168.99	,0.0	,0.0	,16.89	,0.0	,152.1	,168.99	,1	,2026-06-08 09:46:08,	,928653435663	,	,1877214163146	,	,QBPH004,	,无售后或售后取消,KJE000000206878,快捷快物流,2026-06-07 17:19:13,否,,	,
趣白全自动洗面奶打泡机感应泡沫机绵密泡沫礼品新品懒人洗脸神器,260607-027692910171075,已发货，待收货,168.99	,0.0	,0.0	,0.0	,0.0	,168.99	,168.99	,1	,2026-06-07 16:33:51,	,928653435663	,	,1877214163146	,	,QBPH004,	,无售后或售后取消,KJE000000205956,快捷快物流,2026-06-07 16:17:09,否,,	,
趣白全自动洗面奶打泡机感应泡沫机绵密泡沫礼品新品懒人洗脸神器,260607-363289658943643,已发货，待收货,168.99	,0.0	,0.0	,42.24	,0.0	,126.75	,168.99	,1	,2026-06-07 16:17:31,	,928653435663	,	,1877214163146	,	,QBPH004,	,无售后或售后取消,KJE000000205892,快捷快物流,2026-06-07 15:29:53,否,,	,
趣白全自动洗面奶打泡机感应泡沫机绵密泡沫礼品新品懒人洗脸神器,260607-575301292423743,已发货，待收货,168.99	,0.0	,0.0	,0.0	,0.0	,168.99	,168.99	,1	,2026-06-07 16:17:31,	,928653435663	,	,1877214163146	,	,QBPH004,	,无售后或售后取消,KJE000000205894,快捷快物流,2026-06-07 15:25:47,否,,	,
趣白全自动洗面奶打泡机感应泡沫机绵密泡沫礼品新品懒人洗脸神器,260607-101963568701004,已发货，待收货,168.99	,0.0	,0.0	,16.89	,0.0	,152.1	,168.99	,1	,2026-06-07 15:06:39,	,928653435663	,	,1877214163146	,	,QBPH004,	,无售后或售后取消,KJE000000205367,快捷快物流,2026-06-07 13:44:51,否,,	,
趣白全自动洗面奶打泡机感应泡沫机绵密泡沫礼品新品懒人洗脸神器,260607-418549634581388,已发货，待收货,168.99	,0.0	,0.0	,42.24	,0.0	,126.75	,168.99	,1	,2026-06-08 09:46:06,	,928653435663	,	,1877214163146	,	,QBPH004,	,无售后或售后取消,KJE000000206872,快捷快物流,2026-06-07 20:09:18,否,,	,
趣白全自动洗面奶打泡机感应泡沫机绵密泡沫礼品新品懒人洗脸神器,260607-142354727232541,已发货，待收货,168.99	,0.0	,0.0	,42.24	,0.0	,126.75	,168.99	,1	,2026-06-07 13:15:54,	,928653435663	,	,1877214163146	,	,QBPH004,	,无售后或售后取消,KJE000000204708,快捷快物流,2026-06-07 13:08:45,否,,	,
趣白全自动洗面奶打泡机感应泡沫机绵密泡沫礼品新品懒人洗脸神器,260607-202270348900492,已发货，待收货,168.99	,0.0	,0.0	,42.24	,0.0	,126.75	,168.99	,1	,2026-06-07 13:15:54,	,928653435663	,	,1877214163146	,	,QBPH004,	,无售后或售后取消,KJE000000204709,快捷快物流,2026-06-07 12:59:47,否,,	,
趣白全自动洗面奶打泡机感应泡沫机绵密泡沫礼品新品懒人洗脸神器,260607-484421168790671,已发货，待收货,168.99	,0.0	,0.0	,16.89	,0.0	,152.1	,168.99	,1	,2026-06-07 13:15:55,	,928653435663	,	,1877214163146	,	,QBPH004,	,无售后或售后取消,KJE000000204711,快捷快物流,2026-06-07 11:21:46,否,,	,
趣白全自动洗面奶打泡机感应泡沫机绵密泡沫礼品新品懒人洗脸神器,260607-273678374443837,已发货，待收货,168.99	,0.0	,0.0	,50.0	,0.0	,118.99	,168.99	,1	,2026-06-07 13:15:55,	,928653435663	,	,1877214163146	,	,QBPH004,	,无售后或售后取消,KJE000000204712,快捷快物流,2026-06-07 10:47:01,否,,	,
趣白全自动洗面奶打泡机感应泡沫机绵密泡沫礼品新品懒人洗脸神器,260607-161480753512665,已发货，待收货,168.99	,0.0	,0.0	,16.89	,0.0	,152.1	,168.99	,1	,2026-06-07 10:46:30,	,928653435663	,	,1877214163146	,	,QBPH004,	,无售后或售后取消,KJE000000204197,快捷快物流,2026-06-07 10:43:07,否,,	,
趣白全自动洗面奶打泡机感应泡沫机绵密泡沫礼品新品懒人洗脸神器,260607-153784226104069,已发货，待收货,168.99	,0.0	,0.0	,0.0	,0.0	,168.99	,168.99	,1	,2026-06-07 10:46:30,	,928653435663	,	,1877214163146	,	,QBPH004,	,无售后或售后取消,KJE000000204198,快捷快物流,2026-06-07 09:50:06,否,,	,
趣白全自动洗面奶打泡机感应泡沫机绵密泡沫礼品新品懒人洗脸神器,260607-291189563022729,已发货，待收货,168.99	,0.0	,0.0	,25.34	,0.0	,143.65	,168.99	,1	,2026-06-07 09:31:29,	,928653435663	,	,1877214163146	,	,QBPH004,	,无售后或售后取消,KJE000000203306,快捷快物流,2026-06-07 08:50:36,否,,	,
趣白全自动洗面奶打泡机感应泡沫机绵密泡沫礼品新品懒人洗脸神器,260607-295667013134072,已发货，待收货,168.99	,0.0	,0.0	,35.48	,0.0	,133.51	,168.99	,1	,2026-06-07 09:31:29,	,928653435663	,	,1877214163146	,	,QBPH004,	,无售后或售后取消,KJE000000203307,快捷快物流,2026-06-07 08:43:18,否,,	,
趣白全自动洗面奶打泡机感应泡沫机绵密泡沫礼品新品懒人洗脸神器,260606-626062794280125,已发货，待收货,168.99	,0.0	,0.0	,42.24	,0.0	,126.75	,168.99	,1	,2026-06-07 08:14:45,	,928653435663	,	,1877214163146	,	,QBPH004,	,无售后或售后取消,KJE000000202819,快捷快物流,2026-06-06 22:03:25,否,,	,
趣白全自动洗面奶打泡机感应泡沫机绵密泡沫礼品新品懒人洗脸神器,260606-041198558871437,已发货，待收货,168.99	,0.0	,0.0	,25.34	,0.0	,143.65	,168.99	,1	,2026-06-07 08:14:45,	,928653435663	,	,1877214163146	,	,QBPH004,	,无售后或售后取消,KJE000000202821,快捷快物流,2026-06-06 21:36:28,否,,	,
趣白全自动洗面奶打泡机感应泡沫机绵密泡沫礼品新品懒人洗脸神器,260606-257928804673481,已发货，待收货,168.99	,0.0	,0.0	,25.34	,0.0	,143.65	,168.99	,1	,2026-06-07 08:14:46,	,928653435663	,	,1877214163146	,	,QBPH004,	,无售后或售后取消,KJE000000202822,快捷快物流,2026-06-06 20:08:03,否,,	,
趣白全自动洗面奶打泡机感应泡沫机绵密泡沫礼品新品懒人洗脸神器,260606-203738324532549,已发货，待收货,168.99	,0.0	,0.0	,25.34	,0.0	,143.65	,168.99	,1	,2026-06-07 08:14:46,	,928653435663	,	,1877214163146	,	,QBPH004,	,无售后或售后取消,KJE000000202823,快捷快物流,2026-06-06 19:31:29,否,,	,
趣白全自动洗面奶打泡机感应泡沫机绵密泡沫礼品新品懒人洗脸神器,260606-112847829341725,已发货，待收货,168.99	,0.0	,0.0	,0.0	,0.0	,168.99	,168.99	,1	,2026-06-07 08:14:46,	,928653435663	,	,1877214163146	,	,QBPH004,	,无售后或售后取消,KJE000000202824,快捷快物流,2026-06-06 18:50:38,否,,	,
趣白全自动洗面奶打泡机感应泡沫机绵密泡沫礼品新品懒人洗脸神器,260606-582148441730445,已发货，待收货,168.99	,0.0	,0.0	,25.34	,0.0	,143.65	,168.99	,1	,2026-06-07 08:14:46,	,928653435663	,	,1877214163146	,	,QBPH004,	,无售后或售后取消,KJE000000202826,快捷快物流,2026-06-06 18:28:25,否,,	,
趣白全自动洗面奶打泡机感应泡沫机绵密泡沫礼品新品懒人洗脸神器,260606-621763663443330,已发货，待收货,168.99	,0.0	,0.0	,33.79	,0.0	,135.2	,168.99	,1	,2026-06-07 08:14:47,	,928653435663	,	,1877214163146	,	,QBPH004,	,无售后或售后取消,KJE000000202827,快捷快物流,2026-06-06 18:17:27,否,,	,
趣白全自动洗面奶打泡机感应泡沫机绵密泡沫礼品新品懒人洗脸神器,260606-256355878481241,已发货，待收货,168.99	,0.0	,0.0	,25.34	,0.0	,143.65	,168.99	,1	,2026-06-07 08:14:47,	,928653435663	,	,1877214163146	,	,QBPH004,	,无售后或售后取消,KJE000000202828,快捷快物流,2026-06-06 18:02:38,否,,	,
趣白全自动洗面奶打泡机感应泡沫机绵密泡沫礼品新品懒人洗脸神器,260606-524770404732223,已发货，待收货,168.99	,0.0	,0.0	,15.0	,0.0	,153.99	,168.99	,1	,2026-06-07 08:14:47,	,928653435663	,	,1877214163146	,	,QBPH004,	,无售后或售后取消,KJE000000202831,快捷快物流,2026-06-06 16:25:39,否,,	,
趣白全自动洗面奶打泡机感应泡沫机绵密泡沫礼品新品懒人洗脸神器,260606-486245743012165,已发货，待收货,168.99	,0.0	,0.0	,16.89	,0.0	,152.1	,168.99	,1	,2026-06-07 08:14:48,	,928653435663	,	,1877214163146	,	,QBPH004,	,无售后或售后取消,KJE000000202832,快捷快物流,2026-06-06 16:25:04,否,,	,
趣白全自动洗面奶打泡机感应泡沫机绵密泡沫礼品新品懒人洗脸神器,260606-117157414490460,已发货，待收货,168.99	,0.0	,0.0	,20.27	,0.0	,148.72	,168.99	,1	,2026-06-06 16:18:36,	,928653435663	,	,1877214163146	,	,QBPH004,	,无售后或售后取消,KJE000000201802,快捷快物流,2026-06-06 16:15:45,否,,	,
趣白全自动洗面奶打泡机感应泡沫机绵密泡沫礼品新品懒人洗脸神器,260606-602060920471278,已发货，待收货,168.99	,0.0	,0.0	,8.44	,0.0	,160.55	,168.99	,1	,2026-06-06 16:18:36,	,928653435663	,	,1877214163146	,	,QBPH004,	,无售后或售后取消,KJE000000201803,快捷快物流,2026-06-06 15:15:56,否,,	,
趣白全自动洗面奶打泡机感应泡沫机绵密泡沫礼品新品懒人洗脸神器,260606-060660139582475,已发货，待收货,168.99	,0.0	,0.0	,0.0	,0.0	,168.99	,168.99	,1	,2026-06-06 13:35:32,	,928653435663	,	,1877214163146	,	,QBPH004,	,无售后或售后取消,KJE000000200529,快捷快物流,2026-06-06 12:50:09,否,,	,
趣白全自动洗面奶打泡机感应泡沫机绵密泡沫礼品新品懒人洗脸神器,260606-292898741821797,已发货，待收货,168.99	,0.0	,0.0	,25.34	,0.17	,143.65	,168.99	,1	,2026-06-06 13:35:32,	,928653435663	,	,1877214163146	,	,QBPH004,	,无售后或售后取消,KJE000000200530,快捷快物流,2026-06-06 12:27:56,否,,	,
趣白全自动洗面奶打泡机感应泡沫机绵密泡沫礼品新品懒人洗脸神器,260606-303499875913643,已发货，待收货,168.99	,0.0	,0.0	,0.0	,0.0	,168.99	,168.99	,1	,2026-06-06 13:35:33,	,928653435663	,	,1877214163146	,	,QBPH004,	,无售后或售后取消,KJE000000200532,快捷快物流,2026-06-06 11:21:18,否,,	,
趣白全自动洗面奶打泡机感应泡沫机绵密泡沫礼品新品懒人洗脸神器,260606-354041260371221,已发货，待收货,168.99	,0.0	,0.0	,25.34	,0.0	,143.65	,168.99	,1	,2026-06-06 13:35:33,	,928653435663	,	,1877214163146	,	,QBPH004,	,无售后或售后取消,KJE000000200534,快捷快物流,2026-06-06 10:44:26,否,,	,
趣白全自动洗面奶打泡机感应泡沫机绵密泡沫礼品新品懒人洗脸神器,260606-237460538983556,已发货，待收货,168.99	,0.0	,0.0	,0.0	,0.0	,168.99	,168.99	,1	,2026-06-06 13:35:33,	,928653435663	,	,1877214163146	,	,QBPH004,	,无售后或售后取消,KJE000000200535,快捷快物流,2026-06-06 10:38:23,否,,	,
趣白全自动洗面奶打泡机感应泡沫机绵密泡沫礼品新品懒人洗脸神器,260606-383170649732453,已发货，待收货,168.99	,0.0	,0.0	,25.34	,0.0	,143.65	,168.99	,1	,2026-06-06 13:35:34,	,928653435663	,	,1877214163146	,	,QBPH004,	,无售后或售后取消,KJE000000200537,快捷快物流,2026-06-06 09:09:53,否,,	,
趣白全自动洗面奶打泡机感应泡沫机绵密泡沫礼品新品懒人洗脸神器,260606-225622167932255,已发货，待收货,168.99	,0.0	,0.0	,0.0	,0.0	,168.99	,168.99	,1	,2026-06-06 13:35:34,	,928653435663	,	,1877214163146	,	,QBPH004,	,无售后或售后取消,KJE000000200538,快捷快物流,2026-06-06 09:06:41,否,,	,
趣白全自动洗面奶打泡机感应泡沫机绵密泡沫礼品新品懒人洗脸神器,260606-019482560131821,已发货，待收货,168.99	,0.0	,0.0	,0.0	,0.0	,168.99	,168.99	,1	,2026-06-06 13:35:34,	,928653435663	,	,1877214163146	,	,QBPH004,	,无售后或售后取消,KJE000000200539,快捷快物流,2026-06-06 08:41:31,否,,	,
趣白全自动洗面奶打泡机感应泡沫机绵密泡沫礼品新品懒人洗脸神器,260606-062872666470034,已发货，待收货,168.99	,0.0	,0.0	,42.24	,0.0	,126.75	,168.99	,1	,2026-06-06 08:40:49,	,928653435663	,	,1877214163146	,	,QBPH004,	,无售后或售后取消,KJE000000199118,快捷快物流,2026-06-06 06:23:32,否,,	,
趣白全自动洗面奶打泡机感应泡沫机绵密泡沫礼品新品懒人洗脸神器,260606-463701328170674,已发货，待收货,168.99	,0.0	,0.0	,0.0	,0.0	,168.99	,168.99	,1	,2026-06-06 08:40:49,	,928653435663	,	,1877214163146	,	,QBPH004,	,无售后或售后取消,KJE000000199120,快捷快物流,2026-06-06 05:56:20,否,,	,
趣白全自动洗面奶打泡机感应泡沫机绵密泡沫礼品新品懒人洗脸神器,260606-167457657223159,已发货，待收货,168.99	,0.0	,0.0	,0.0	,0.0	,168.99	,168.99	,1	,2026-06-06 08:40:49,	,928653435663	,	,1877214163146	,	,QBPH004,	,无售后或售后取消,KJE000000199122,快捷快物流,2026-06-06 05:46:48,否,,	,
趣白全自动洗面奶打泡机感应泡沫机绵密泡沫礼品新品懒人洗脸神器,260606-641476892191869,已发货，待收货,168.99	,0.0	,0.0	,16.89	,0.0	,152.1	,168.99	,1	,2026-06-06 08:40:50,	,928653435663	,	,1877214163146	,	,QBPH004,	,无售后或售后取消,KJE000000199123,快捷快物流,2026-06-06 05:00:39,否,,	,
趣白全自动洗面奶打泡机感应泡沫机绵密泡沫礼品新品懒人洗脸神器,260606-252161636751543,已发货，待收货,168.99	,0.0	,0.0	,20.27	,0.0	,148.72	,168.99	,1	,2026-06-06 08:40:50,	,928653435663	,	,1877214163146	,	,QBPH004,	,无售后或售后取消,KJE000000199125,快捷快物流,2026-06-06 01:39:45,否,,	,
趣白全自动洗面奶打泡机感应泡沫机绵密泡沫礼品新品懒人洗脸神器,260606-600393695602224,已发货，待收货,168.99	,0.0	,0.0	,25.34	,0.0	,143.65	,168.99	,1	,2026-06-06 08:40:50,	,928653435663	,	,1877214163146	,	,QBPH004,	,无售后或售后取消,KJE000000199127,快捷快物流,2026-06-06 00:56:49,否,,	,
趣白全自动洗面奶打泡机感应泡沫机绵密泡沫礼品新品懒人洗脸神器,260605-125409759621455,已发货，待收货,168.99	,0.0	,0.0	,42.24	,0.0	,126.75	,168.99	,1	,2026-06-06 08:40:51,	,928653435663	,	,1877214163146	,	,QBPH004,	,无售后或售后取消,KJE000000199131,快捷快物流,2026-06-05 18:28:48,否,,	,
趣白全自动洗面奶打泡机感应泡沫机绵密泡沫礼品新品懒人洗脸神器,260605-134112888341258,已发货，待收货,168.99	,0.0	,0.0	,0.0	,0.0	,168.99	,168.99	,1	,2026-06-06 08:40:52,	,928653435663	,	,1877214163146	,	,QBPH004,	,无售后或售后取消,KJE000000199134,快捷快物流,2026-06-05 16:30:57,否,,	,
趣白全自动洗面奶打泡机感应泡沫机绵密泡沫礼品新品懒人洗脸神器,260605-491540979250923,已发货，待收货,168.99	,0.0	,0.0	,5.0	,0.0	,163.99	,168.99	,1	,2026-06-05 16:05:12,	,928653435663	,	,1877214163146	,	,QBPH004,	,无售后或售后取消,KJE000000198515,快捷快物流,2026-06-05 14:16:30,否,,	,
趣白全自动洗面奶打泡机感应泡沫机绵密泡沫礼品新品懒人洗脸神器,260605-660309328273563,已发货，待收货,168.99	,0.0	,0.0	,10.0	,0.0	,158.99	,168.99	,1	,2026-06-05 16:05:12,	,928653435663	,	,1877214163146	,	,QBPH004,	,无售后或售后取消,KJE000000198516,快捷快物流,2026-06-05 13:47:18,否,,	,
趣白全自动洗面奶打泡机感应泡沫机绵密泡沫礼品新品懒人洗脸神器,260605-134521874792342,已发货，待收货,168.99	,0.0	,0.0	,8.44	,0.0	,160.55	,168.99	,1	,2026-06-05 13:01:26,	,928653435663	,	,1877214163146	,	,QBPH004,	,无售后或售后取消,KJE000000196492,快捷快物流,2026-06-05 11:09:58,否,,	,
趣白全自动洗面奶打泡机感应泡沫机绵密泡沫礼品新品懒人洗脸神器,260605-061792591511940,已发货，待收货,168.99	,0.0	,0.0	,0.0	,0.0	,168.99	,168.99	,1	,2026-06-05 13:01:26,	,928653435663	,	,1877214163146	,	,QBPH004,	,无售后或售后取消,KJE000000196493,快捷快物流,2026-06-05 10:54:53,否,,	,
趣白全自动洗面奶打泡机感应泡沫机绵密泡沫礼品新品懒人洗脸神器,260605-636412259922327,已发货，待收货,168.99	,0.0	,0.0	,33.79	,0.0	,135.2	,168.99	,1	,2026-06-05 13:01:26,	,928653435663	,	,1877214163146	,	,QBPH004,	,无售后或售后取消,KJE000000196494,快捷快物流,2026-06-05 10:41:47,否,,	,
趣白全自动洗面奶打泡机感应泡沫机绵密泡沫礼品新品懒人洗脸神器,260605-251909978553353,已发货，待收货,168.99	,0.0	,0.0	,33.79	,0.0	,135.2	,168.99	,1	,2026-06-05 08:24:30,	,928653435663	,	,1877214163146	,	,QBPH004,	,无售后或售后取消,KJE000000194880,快捷快物流,2026-06-05 06:56:23,否,,	,
趣白全自动洗面奶打泡机感应泡沫机绵密泡沫礼品新品懒人洗脸神器,260605-111966983790201,已发货，待收货,168.99	,0.0	,0.0	,33.79	,0.0	,135.2	,168.99	,1	,2026-06-05 08:24:31,	,928653435663	,	,1877214163146	,	,QBPH004,	,无售后或售后取消,KJE000000194882,快捷快物流,2026-06-05 04:10:53,否,,	,
趣白全自动洗面奶打泡机感应泡沫机绵密泡沫礼品新品懒人洗脸神器,260604-236118371900424,已发货，待收货,168.99	,0.0	,0.0	,0.0	,0.0	,168.99	,168.99	,1	,2026-06-05 08:24:31,	,928653435663	,	,1877214163146	,	,QBPH004,	,无售后或售后取消,KJE000000194885,快捷快物流,2026-06-04 21:24:56,否,,	,
趣白全自动洗面奶打泡机感应泡沫机绵密泡沫礼品新品懒人洗脸神器,260604-530411691532044,已发货，待收货,168.99	,0.0	,0.0	,25.34	,0.0	,143.65	,168.99	,1	,2026-06-05 08:24:32,	,928653435663	,	,1877214163146	,	,QBPH004,	,无售后或售后取消,KJE000000194886,快捷快物流,2026-06-04 21:13:38,否,,	,
趣白全自动洗面奶打泡机感应泡沫机绵密泡沫礼品新品懒人洗脸神器,260604-221092329832583,已发货，待收货,168.99	,0.0	,0.0	,25.34	,0.0	,143.65	,168.99	,1	,2026-06-05 08:24:32,	,928653435663	,	,1877214163146	,	,QBPH004,	,无售后或售后取消,KJE000000194888,快捷快物流,2026-06-04 21:01:14,否,,	,
趣白全自动洗面奶打泡机感应泡沫机绵密泡沫礼品新品懒人洗脸神器,260604-501617846620027,已发货，待收货,168.99	,0.0	,0.0	,35.48	,0.0	,133.51	,168.99	,1	,2026-06-05 08:24:32,	,928653435663	,	,1877214163146	,	,QBPH004,	,无售后或售后取消,KJE000000194890,快捷快物流,2026-06-04 19:18:51,否,,	,
趣白全自动洗面奶打泡机感应泡沫机绵密泡沫礼品新品懒人洗脸神器,260604-307442511443332,已发货，待收货,168.99	,0.0	,0.0	,0.0	,0.0	,168.99	,168.99	,1	,2026-06-05 08:24:33,	,928653435663	,	,1877214163146	,	,QBPH004,	,无售后或售后取消,KJE000000194893,快捷快物流,2026-06-04 17:13:04,否,,	,
趣白全自动洗面奶打泡机感应泡沫机绵密泡沫礼品新品懒人洗脸神器,260604-107562985773171,已发货，待收货,168.99	,0.0	,0.0	,42.24	,0.0	,126.75	,168.99	,1	,2026-06-05 08:24:33,	,928653435663	,	,1877214163146	,	,QBPH004,	,无售后或售后取消,KJE000000194894,快捷快物流,2026-06-04 16:49:33,否,,	,
趣白全自动洗面奶打泡机感应泡沫机绵密泡沫礼品新品懒人洗脸神器,260604-369528675993886,已发货，待收货,168.99	,0.0	,0.0	,25.34	,0.0	,143.65	,168.99	,1	,2026-06-04 13:24:50,	,928653435663	,	,1877214163146	,	,	,	,无售后或售后取消,KJE000000193099,快捷快物流,2026-06-04 12:33:57,否,,	,
趣白全自动洗面奶打泡机感应泡沫机绵密泡沫礼品新品懒人洗脸神器,260604-671864635740503,已发货，待收货,168.99	,0.0	,0.0	,16.89	,0.0	,152.1	,168.99	,1	,2026-06-04 08:17:19,	,928653435663	,	,1877214163146	,	,	,	,无售后或售后取消,KJE000000191351,快捷快物流,2026-06-04 07:35:16,否,,	,
趣白全自动洗面奶打泡机感应泡沫机绵密泡沫礼品新品懒人洗脸神器,260604-589278810443313,已发货，待收货,168.99	,0.0	,0.0	,0.0	,0.0	,168.99	,168.99	,1	,2026-06-04 08:17:20,	,928653435663	,	,1877214163146	,	,	,	,无售后或售后取消,KJE000000191356,快捷快物流,2026-06-04 00:33:52,否,,	,
趣白全自动洗面奶打泡机感应泡沫机绵密泡沫礼品新品懒人洗脸神器,260603-545196655012476,已发货，待收货,168.99	,0.0	,0.0	,25.34	,0.0	,143.65	,168.99	,1	,2026-06-04 08:21:44,	,928653435663	,	,1877214163146	,	,	,	,无售后或售后取消,KJE000000191365,快捷快物流,2026-06-03 22:31:59,否,,	,
趣白全自动洗面奶打泡机感应泡沫机绵密泡沫礼品新品懒人洗脸神器,260603-555000850802295,已发货，待收货,168.99	,0.0	,0.0	,0.0	,0.0	,168.99	,168.99	,1	,2026-06-04 08:19:51,	,928653435663	,	,1877214163146	,	,	,	,无售后或售后取消,KJE000000191359,快捷快物流,2026-06-03 17:31:47,否,,	,
趣白全自动洗面奶打泡机感应泡沫机绵密泡沫礼品新品懒人洗脸神器,260603-379353832960174,已发货，待收货,168.99	,0.0	,0.0	,0.0	,0.0	,168.99	,168.99	,1	,2026-06-03 10:10:21,	,928653435663	,	,1877214163146	,	,	,	,无售后或售后取消,KJE000000188777,快捷快物流,2026-06-03 08:44:26,否,,	,
趣白全自动洗面奶打泡机感应泡沫机绵密泡沫礼品新品懒人洗脸神器,260602-236794755492197,已发货，待收货,168.99	,0.0	,0.0	,0.0	,0.0	,168.99	,168.99	,1	,2026-06-03 08:26:49,	,928653435663	,	,1877214163146	,	,	,	,无售后或售后取消,KJE000000187418,快捷快物流,2026-06-02 22:14:19,否,,	,
趣白全自动洗面奶打泡机感应泡沫机绵密泡沫礼品新品懒人洗脸神器,260602-542056158821206,已发货，待收货,168.99	,0.0	,0.0	,8.44	,0.0	,160.55	,168.99	,1	,2026-06-03 08:26:50,	,928653435663	,	,1877214163146	,	,	,	,无售后或售后取消,KJE000000187421,快捷快物流,2026-06-02 20:47:51,否,,	,
趣白全自动洗面奶打泡机感应泡沫机绵密泡沫礼品新品懒人洗脸神器,260602-524696994192801,已发货，待收货,168.99	,0.0	,0.0	,50.0	,0.0	,118.99	,168.99	,1	,2026-06-03 08:26:50,	,928653435663	,	,1877214163146	,	,	,	,无售后或售后取消,KJE000000187422,快捷快物流,2026-06-02 20:26:27,否,,	,
趣白全自动洗面奶打泡机感应泡沫机绵密泡沫礼品新品懒人洗脸神器,260601-626513712681793,已发货，待收货,168.99	,0.0	,0.0	,0.0	,0.0	,168.99	,168.99	,1	,2026-06-02 08:51:45,	,928653435663	,	,1877214163146	,	,	,	,无售后或售后取消,KJE000000182922,快捷快物流,2026-06-01 19:51:52,否,,	,
趣白全自动洗面奶打泡机感应泡沫机绵密泡沫礼品新品懒人洗脸神器,260601-393153123891635,已发货，待收货,168.99	,0.0	,0.0	,0.0	,0.0	,168.99	,168.99	,1	,2026-06-01 13:10:23,	,928653435663	,	,1877214163146	,	,	,	,无售后或售后取消,KJE000000179676,快捷快物流,2026-06-01 11:14:09,否,,	,
趣白全自动洗面奶打泡机感应泡沫机绵密泡沫礼品新品懒人洗脸神器,260601-145427075441577,已发货，待收货,168.99	,0.0	,0.0	,0.0	,0.0	,168.99	,168.99	,1	,2026-06-01 15:49:47,	,928653435663	,	,1877214163146	,	,	,	,无售后或售后取消,KJE000000181945,快捷快物流,2026-06-01 10:18:47,否,,	,
趣白全自动洗面奶打泡机感应泡沫机绵密泡沫礼品新品懒人洗脸神器,260531-374855504281105,已发货，待收货,168.99	,0.0	,0.0	,0.0	,0.0	,168.99	,168.99	,1	,2026-05-31 15:56:48,	,928653435663	,	,1877214163146	,	,	,	,无售后或售后取消,KJE000000177255,快捷快物流,2026-05-31 15:47:25,否,,	,
趣白全自动洗面奶打泡机感应泡沫机绵密泡沫礼品新品懒人洗脸神器,260531-600876071212036,已发货，待收货,168.99	,0.0	,0.0	,5.0	,0.0	,163.99	,168.99	,1	,2026-05-31 10:53:49,	,928653435663	,	,1877214163146	,	,	,	,无售后或售后取消,KJE000000174663,快捷快物流,2026-05-31 10:31:27,否,,	,
趣白全自动洗面奶打泡机感应泡沫机绵密泡沫礼品新品懒人洗脸神器,260531-387134267033750,已发货，待收货,168.99	,0.0	,0.0	,0.0	,0.0	,168.99	,168.99	,1	,2026-05-31 10:53:49,	,928653435663	,	,1877214163146	,	,	,	,无售后或售后取消,KJE000000174664,快捷快物流,2026-05-31 10:22:21,否,,	,
趣白全自动洗面奶打泡机感应泡沫机绵密泡沫礼品新品懒人洗脸神器,260530-297669835140489,已发货，待收货,168.99	,0.0	,0.0	,25.34	,0.0	,143.65	,168.99	,1	,2026-05-30 09:49:23,	,928653435663	,	,1877214163146	,	,	,	,无售后或售后取消,KJE000000169199,快捷快物流,2026-05-30 08:11:49,否,,	,
趣白全自动洗面奶打泡机感应泡沫机绵密泡沫礼品新品懒人洗脸神器,260530-296306644533932,已发货，待收货,168.99	,0.0	,0.0	,0.0	,0.0	,168.99	,168.99	,1	,2026-05-30 09:49:23,	,928653435663	,	,1877214163146	,	,	,	,无售后或售后取消,KJE000000169201,快捷快物流,2026-05-30 02:48:46,否,,	,
趣白全自动洗面奶打泡机感应泡沫机绵密泡沫礼品新品懒人洗脸神器,260529-525860913503704,已发货，待收货,168.99	,0.0	,0.0	,8.44	,0.0	,160.55	,168.99	,1	,2026-05-30 09:49:26,	,928653435663	,	,1877214163146	,	,	,	,无售后或售后取消,KJE000000169215,快捷快物流,2026-05-29 21:10:52,否,,	,
趣白全自动洗面奶打泡机感应泡沫机绵密泡沫礼品新品懒人洗脸神器,260529-299064399390940,已发货，待收货,168.99	,0.0	,0.0	,8.44	,0.0	,160.55	,168.99	,1	,2026-05-30 09:49:27,	,928653435663	,	,1877214163146	,	,	,	,无售后或售后取消,KJE000000169217,快捷快物流,2026-05-29 21:02:41,否,,	,
趣白全自动洗面奶打泡机感应泡沫机绵密泡沫礼品新品懒人洗脸神器,260529-320203681423327,已发货，待收货,168.99	,0.0	,0.0	,16.89	,0.0	,152.1	,168.99	,1	,2026-05-30 09:49:27,	,928653435663	,	,1877214163146	,	,	,	,无售后或售后取消,KJE000000169219,快捷快物流,2026-05-29 19:31:23,否,,	,
趣白全自动洗面奶打泡机感应泡沫机绵密泡沫礼品新品懒人洗脸神器,260529-159698142772105,已发货，待收货,168.99	,0.0	,0.0	,0.0	,0.0	,168.99	,168.99	,1	,2026-05-30 09:49:27,	,928653435663	,	,1877214163146	,	,	,	,无售后或售后取消,KJE000000169220,快捷快物流,2026-05-29 18:13:33,否,,	,
趣白全自动洗面奶打泡机感应泡沫机绵密泡沫礼品新品懒人洗脸神器,260529-019168028991261,已发货，待收货,168.99	,0.0	,0.0	,11.82	,0.0	,157.17	,168.99	,1	,2026-05-30 09:49:28,	,928653435663	,	,1877214163146	,	,	,	,无售后或售后取消,KJE000000169222,快捷快物流,2026-05-29 16:52:26,否,,	,
趣白全自动洗面奶打泡机感应泡沫机绵密泡沫礼品新品懒人洗脸神器,260529-537416210021288,已发货，待收货,168.99	,0.0	,0.0	,16.89	,0.0	,152.1	,168.99	,1	,2026-05-29 13:55:03,	,928653435663	,	,1877214163146	,	,	,	,无售后或售后取消,KJE000000166794,快捷快物流,2026-05-29 12:59:49,否,,	,
趣白全自动洗面奶打泡机感应泡沫机绵密泡沫礼品新品懒人洗脸神器,260529-654342889082556,已发货，待收货,168.99	,0.0	,0.0	,0.0	,0.0	,168.99	,168.99	,1	,2026-05-29 09:38:24,	,928653435663	,	,1877214163146	,	,	,	,无售后或售后取消,KJE000000164914,快捷快物流,2026-05-29 09:22:21,否,,	,
趣白全自动洗面奶打泡机感应泡沫机绵密泡沫礼品新品懒人洗脸神器,260529-204786942242397,已发货，待收货,168.99	,0.0	,0.0	,0.0	,0.0	,168.99	,168.99	,1	,2026-05-29 09:41:22,	,928653435663	,	,1877214163146	,	,	,	,无售后或售后取消,KJE000000164920,快捷快物流,2026-05-29 03:38:17,否,,	,
趣白全自动洗面奶打泡机感应泡沫机绵密泡沫礼品新品懒人洗脸神器,260529-271633693102469,已发货，待收货,168.99	,0.0	,0.0	,42.24	,0.0	,126.75	,168.99	,1	,2026-05-29 14:16:40,	,928653435663	,	,1877214163146	,	,	,发顺丰,无售后或售后取消,SF0219412831375,顺丰快递,2026-05-29 00:11:19,否,,	,
趣白全自动洗面奶打泡机感应泡沫机绵密泡沫礼品新品懒人洗脸神器,260528-632584989102819,已发货，待收货,168.99	,0.0	,0.0	,10.0	,0.0	,158.99	,168.99	,1	,2026-05-29 09:41:24,	,928653435663	,	,1877214163146	,	,	,	,无售后或售后取消,KJE000000164929,快捷快物流,2026-05-28 18:23:27,否,,	,
趣白全自动洗面奶打泡机感应泡沫机绵密泡沫礼品新品懒人洗脸神器,260528-519737218641552,已发货，待收货,168.99	,0.0	,0.0	,0.0	,0.0	,168.99	,168.99	,1	,2026-05-28 11:03:30,	,928653435663	,	,1877214163146	,	,	,	,无售后或售后取消,KJE000000162012,快捷快物流,2026-05-28 08:13:47,否,,	,
趣白全自动洗面奶打泡机感应泡沫机绵密泡沫礼品新品懒人洗脸神器,260528-209641869640967,已发货，待收货,168.99	,0.0	,0.0	,0.0	,0.0	,168.99	,168.99	,1	,2026-05-28 16:48:22,	,928653435663	,	,1877214163146	,	,	,	,无售后或售后取消,SF0219372736932,顺丰快递,2026-05-28 01:01:11,否,,	,
趣白全自动洗面奶打泡机感应泡沫机绵密泡沫礼品新品懒人洗脸神器,260528-258033600102091,已发货，待收货,168.99	,0.0	,0.0	,16.89	,0.0	,152.1	,168.99	,1	,2026-05-28 11:03:30,	,928653435663	,	,1877214163146	,	,	,	,无售后或售后取消,KJE000000162016,快捷快物流,2026-05-28 00:37:27,否,,	,
趣白全自动洗面奶打泡机感应泡沫机绵密泡沫礼品新品懒人洗脸神器,260527-619488222731633,已发货，待收货,168.99	,0.0	,0.0	,42.24	,0.0	,126.75	,168.99	,1	,2026-05-28 11:03:31,	,928653435663	,	,1877214163146	,	,	,	,无售后或售后取消,KJE000000162018,快捷快物流,2026-05-27 23:51:38,否,,	,
趣白全自动洗面奶打泡机感应泡沫机绵密泡沫礼品新品懒人洗脸神器,260527-391312862831769,已发货，待收货,168.99	,0.0	,0.0	,0.0	,0.0	,168.99	,168.99	,1	,2026-05-28 10:36:44,	,928653435663	,	,1877214163146	,	,	,	,无售后或售后取消,KJE000000161681,快捷快物流,2026-05-27 16:46:34,否,,	,
趣白全自动洗面奶打泡机感应泡沫机绵密泡沫礼品新品懒人洗脸神器,260527-613511349891219,已发货，待收货,168.99	,0.0	,0.0	,4.99	,0.0	,164.0	,168.99	,1	,2026-05-27 13:51:12,	,928653435663	,	,1877214163146	,	,	,	,无售后或售后取消,KJE000000158064,快捷快物流,2026-05-27 13:15:57,否,,	,
趣白全自动洗面奶打泡机感应泡沫机绵密泡沫礼品新品懒人洗脸神器,260527-033732707861719,已发货，待收货,168.99	,0.0	,0.0	,0.46	,0.0	,168.53	,168.99	,1	,2026-05-27 09:16:43,	,928653435663	,	,1877214163146	,	,	,	,无售后或售后取消,KJE000000155967,快捷快物流,2026-05-27 07:51:09,否,,	,
趣白全自动洗面奶打泡机感应泡沫机绵密泡沫礼品新品懒人洗脸神器,260527-503106772481184,已发货，待收货,168.99	,0.0	,0.0	,25.34	,0.0	,143.65	,168.99	,1	,2026-05-27 09:16:44,	,928653435663	,	,1877214163146	,	,	,	,无售后或售后取消,KJE000000155971,快捷快物流,2026-05-27 03:26:06,否,,	,
趣白全自动洗面奶打泡机感应泡沫机绵密泡沫礼品新品懒人洗脸神器,260527-236107927863854,已发货，待收货,168.99	,0.0	,0.0	,8.44	,0.0	,160.55	,168.99	,1	,2026-05-27 09:15:11,	,928653435663	,	,1877214163146	,	,	,	,无售后或售后取消,KJE000000155962,快捷快物流,2026-05-27 01:51:41,否,,	,
趣白全自动洗面奶打泡机感应泡沫机绵密泡沫礼品新品懒人洗脸神器,260526-271371549062398,已发货，待收货,168.99	,0.0	,0.0	,33.79	,0.0	,135.2	,168.99	,1	,2026-05-26 13:34:58,	,928653435663	,	,1877214163146	,	,	,	,无售后或售后取消,KJE000000153331,快捷快物流,2026-05-26 12:51:29,否,,	,
趣白全自动洗面奶打泡机感应泡沫机绵密泡沫礼品新品懒人洗脸神器,260526-060125355590752,已发货，待收货,168.99	,0.0	,0.0	,0.0	,0.0	,168.99	,168.99	,1	,2026-05-26 13:46:05,	,928653435663	,	,1877214163146	,	,	,西藏,无售后或售后取消,SF0215242678829,顺丰快递,2026-05-26 11:00:25,否,,	,
趣白全自动洗面奶打泡机感应泡沫机绵密泡沫礼品新品懒人洗脸神器,260526-601631025493920,已发货，待收货,168.99	,0.0	,0.0	,0.0	,0.0	,168.99	,168.99	,1	,2026-05-26 09:44:15,	,928653435663	,	,1877214163146	,	,	,	,无售后或售后取消,KJE000000151211,快捷快物流,2026-05-26 03:52:41,否,,	,
趣白全自动洗面奶打泡机感应泡沫机绵密泡沫礼品新品懒人洗脸神器,260526-246425915723940,已发货，待收货,168.99	,0.0	,0.0	,32.1	,0.0	,136.89	,168.99	,1	,2026-05-26 09:44:16,	,928653435663	,	,1877214163146	,	,	,	,无售后或售后取消,KJE000000151212,快捷快物流,2026-05-26 02:40:15,否,,	,
趣白全自动洗面奶打泡机感应泡沫机绵密泡沫礼品新品懒人洗脸神器,260525-229879344790187,已发货，待收货,168.99	,0.0	,0.0	,25.34	,0.0	,143.65	,168.99	,1	,2026-05-26 09:44:20,	,928653435663	,	,1877214163146	,	,	,	,无售后或售后取消,KJE000000151226,快捷快物流,2026-05-25 17:53:04,否,,	,
趣白全自动洗面奶打泡机感应泡沫机绵密泡沫礼品新品懒人洗脸神器,260525-684447568173899,已发货，待收货,168.99	,0.0	,0.0	,20.27	,0.0	,148.72	,168.99	,1	,2026-05-26 09:42:30,	,928653435663	,	,1877214163146	,	,	,	,无售后或售后取消,KJE000000151188,快捷快物流,2026-05-25 16:37:05,否,,	,
趣白全自动洗面奶打泡机感应泡沫机绵密泡沫礼品新品懒人洗脸神器,260525-374729612862757,已发货，待收货,168.99	,0.0	,0.0	,28.72	,0.0	,140.27	,168.99	,1	,2026-05-25 15:37:38,	,928653435663	,	,1877214163146	,	,	,	,无售后或售后取消,KJE000000148985,快捷快物流,2026-05-25 14:33:51,否,,	,
趣白全自动洗面奶打泡机感应泡沫机绵密泡沫礼品新品懒人洗脸神器,260525-174986391082105,已发货，待收货,168.99	,0.0	,0.0	,16.89	,0.0	,152.1	,168.99	,1	,2026-05-25 13:03:21,	,928653435663	,	,1877214163146	,	,	,	,无售后或售后取消,KJE000000147933,快捷快物流,2026-05-25 10:44:16,否,,	,
趣白全自动洗面奶打泡机感应泡沫机绵密泡沫礼品新品懒人洗脸神器,260524-560416704140055,已发货，待收货,168.99	,0.0	,0.0	,33.79	,0.0	,135.2	,168.99	,1	,2026-05-25 09:22:37,	,928653435663	,	,1877214163146	,	,	,	,无售后或售后取消,KJE000000145511,快捷快物流,2026-05-24 23:50:15,否,,	,
趣白全自动洗面奶打泡机感应泡沫机绵密泡沫礼品新品懒人洗脸神器,260524-472430702202402,已发货，待收货,168.99	,0.0	,0.0	,30.41	,0.0	,138.58	,168.99	,1	,2026-05-25 09:22:38,	,928653435663	,	,1877214163146	,	,	,	,无售后或售后取消,KJE000000145514,快捷快物流,2026-05-24 22:42:09,否,,	,
趣白全自动洗面奶打泡机感应泡沫机绵密泡沫礼品新品懒人洗脸神器,260524-320916702750844,已发货，待收货,168.99	,0.0	,0.0	,15.0	,0.0	,153.99	,168.99	,1	,2026-05-25 09:22:43,	,928653435663	,	,1877214163146	,	,	,	,无售后或售后取消,KJE000000145539,快捷快物流,2026-05-24 16:41:49,否,,	,
趣白全自动洗面奶打泡机感应泡沫机绵密泡沫礼品新品懒人洗脸神器,260524-405379509850321,已发货，待收货,168.99	,0.0	,0.0	,28.72	,0.0	,140.27	,168.99	,1	,2026-05-25 09:22:44,	,928653435663	,	,1877214163146	,	,	,	,无售后或售后取消,KJE000000145545,快捷快物流,2026-05-24 16:03:12,否,,	,
趣白全自动洗面奶打泡机感应泡沫机绵密泡沫礼品新品懒人洗脸神器,260524-049744453143799,已发货，待收货,168.99	,0.0	,0.0	,0.0	,0.0	,168.99	,168.99	,1	,2026-05-24 15:44:54,	,928653435663	,	,1877214163146	,	,	,	,无售后或售后取消,KJE000000143402,快捷快物流,2026-05-24 15:00:11,否,,	,
趣白全自动洗面奶打泡机感应泡沫机绵密泡沫礼品新品懒人洗脸神器,260524-040999349792331,已发货，待收货,168.99	,0.0	,0.0	,0.0	,0.0	,168.99	,168.99	,1	,2026-05-24 15:44:55,	,928653435663	,	,1877214163146	,	,	,	,无售后或售后取消,KJE000000143409,快捷快物流,2026-05-24 13:55:50,否,,	,
趣白全自动洗面奶打泡机感应泡沫机绵密泡沫礼品新品懒人洗脸神器,260523-297774682511980,已发货，待收货,168.99	,0.0	,0.0	,0.0	,0.0	,168.99	,168.99	,1	,2026-05-24 09:38:47,	,928653435663	,	,1877214163146	,	,	,	,无售后或售后取消,KJE000000140250,快捷快物流,2026-05-23 15:30:34,否,,	,
趣白全自动洗面奶打泡机感应泡沫机绵密泡沫礼品新品懒人洗脸神器,260523-679403907502943,已发货，待收货,168.99	,0.0	,0.0	,20.27	,0.0	,148.72	,168.99	,1	,2026-05-23 09:51:21,	,928653435663	,	,1877214163146	,	,	,	,无售后或售后取消,KJE000000134640,快捷快物流,2026-05-23 08:16:41,否,,	,
趣白全自动洗面奶打泡机感应泡沫机绵密泡沫礼品新品懒人洗脸神器,260522-114127081811031,已发货，待收货,168.99	,0.0	,0.0	,35.0	,0.0	,133.99	,168.99	,1	,2026-05-23 09:51:25,	,928653435663	,	,1877214163146	,	,	,	,无售后或售后取消,KJE000000134658,快捷快物流,2026-05-22 19:01:58,否,,	,
趣白全自动洗面奶打泡机感应泡沫机绵密泡沫礼品新品懒人洗脸神器,260522-626230566550544,已发货，待收货,168.99	,0.0	,0.0	,0.0	,0.0	,168.99	,168.99	,1	,2026-05-22 14:10:29,	,928653435663	,	,1877214163146	,	,	,	,无售后或售后取消,KJE000000129295,快捷快物流,2026-05-22 09:22:49,否,,	,
趣白全自动洗面奶打泡机感应泡沫机绵密泡沫礼品新品懒人洗脸神器,260522-647191600750513,已发货，待收货,168.99	,0.0	,0.0	,0.0	,0.0	,168.99	,168.99	,1	,2026-05-22 14:10:41,	,928653435663	,	,1877214163146	,	,	,	,无售后或售后取消,KJE000000129319,快捷快物流,2026-05-22 02:55:03,否,,	,
趣白全自动洗面奶打泡机感应泡沫机绵密泡沫礼品新品懒人洗脸神器,260521-353328176721723,已发货，待收货,168.99	,0.0	,0.0	,5.0	,0.0	,163.99	,168.99	,1	,2026-05-22 14:11:03,	,928653435663	,	,1877214163146	,	,	,	,无售后或售后取消,KJE000000129361,快捷快物流,2026-05-21 18:09:41,否,,	,
趣白全自动洗面奶打泡机感应泡沫机绵密泡沫礼品新品懒人洗脸神器,260521-413852055962663,已发货，待收货,168.99	,0.0	,0.0	,0.0	,0.0	,168.99	,168.99	,1	,2026-05-21 15:23:46,	,928653435663	,	,1877214163146	,	,	,	,无售后或售后取消,KJE000000123865,快捷快物流,2026-05-21 14:13:36,否,,	,
趣白全自动洗面奶打泡机感应泡沫机绵密泡沫礼品新品懒人洗脸神器,260521-481002832173962,已发货，待收货,168.99	,0.0	,0.0	,33.79	,0.0	,135.2	,168.99	,1	,2026-05-21 12:56:27,	,928653435663	,	,1877214163146	,	,	,	,无售后或售后取消,KJE000000115790,快捷快物流,2026-05-21 12:21:01,否,,	,
趣白全自动洗面奶打泡机感应泡沫机绵密泡沫礼品新品懒人洗脸神器,260521-101061772881683,已发货，待收货,168.99	,0.0	,0.0	,25.34	,0.0	,143.65	,168.99	,1	,2026-05-21 11:43:01,	,928653435663	,	,1877214163146	,	,	,	,无售后或售后取消,KJE000000122062,快捷快物流,2026-05-21 00:53:40,否,,	,
趣白全自动洗面奶打泡机感应泡沫机绵密泡沫礼品新品懒人洗脸神器,260519-411241091400522,已发货，待收货,337.98	,0.0	,3.37	,40.15	,0.0	,294.46	,334.61	,2	,2026-05-20 09:54:53,	,928653435663	,	,1877214163146	,	,	,	,无售后或售后取消,KJE000000115632,快捷快物流,2026-05-19 23:40:24,否,,	,
趣白全自动洗面奶打泡机感应泡沫机绵密泡沫礼品新品懒人洗脸神器,260519-630010755412023,已发货，待收货,168.99	,0.0	,0.0	,25.34	,0.0	,143.65	,168.99	,1	,2026-05-20 10:03:01,	,928653435663	,	,1877214163146	,	,	,	,无售后或售后取消,KJE000000115791,快捷快物流,2026-05-19 23:19:37,否,,	,
趣白全自动洗面奶打泡机感应泡沫机绵密泡沫礼品新品懒人洗脸神器,260519-448313485682539,已发货，待收货,168.99	,0.0	,0.0	,0.0	,0.0	,168.99	,168.99	,1	,2026-05-20 10:03:03,	,928653435663	,	,1877214163146	,	,	,	,无售后或售后取消,KJE000000115800,快捷快物流,2026-05-19 20:10:24,否,,	,
趣白全自动洗面奶打泡机感应泡沫机绵密泡沫礼品新品懒人洗脸神器,260519-590516067960465,已发货，待收货,179.14	,0.0	,0.0	,39.41	,0.0	,139.73	,179.14	,1	,2026-05-19 14:00:51,	,928653435663	,	,1877214163146	,	,	,	,无售后或售后取消,KJE000000111318,快捷快物流,2026-05-19 13:54:45,否,,	,
趣白全自动洗面奶打泡机感应泡沫机绵密泡沫礼品新品懒人洗脸神器,260519-686733432372621,已发货，待收货,168.99	,0.0	,0.0	,32.1	,0.0	,136.89	,168.99	,1	,2026-05-19 14:00:53,	,928653435663	,	,1877214163146	,	,	,	,无售后或售后取消,KJE000000111329,快捷快物流,2026-05-19 12:09:56,否,,	,
趣白全自动洗面奶打泡机感应泡沫机绵密泡沫礼品新品懒人洗脸神器,260519-681364744513511,已发货，待收货,168.99	,0.0	,0.0	,0.0	,0.0	,168.99	,168.99	,1	,2026-05-19 14:00:58,	,928653435663	,	,1877214163146	,	,	,	,无售后或售后取消,KJE000000111352,快捷快物流,2026-05-19 09:31:48,否,,	,
趣白全自动洗面奶打泡机感应泡沫机绵密泡沫礼品新品懒人洗脸神器,260519-500317622601749,已发货，待收货,168.99	,0.0	,0.0	,21.96	,0.0	,147.03	,168.99	,1	,2026-05-19 09:18:00,	,928653435663	,	,1877214163146	,	,	,	,无售后或售后取消,KJE000000109086,快捷快物流,2026-05-19 00:44:06,否,,	,
趣白全自动洗面奶打泡机感应泡沫机绵密泡沫礼品新品懒人洗脸神器,260517-008902428210610,已发货，待收货,168.99	,0.0	,0.0	,40.55	,0.0	,128.44	,168.99	,1	,2026-05-18 09:33:03,	,928653435663	,	,1877214163146	,	,	,	,无售后或售后取消,KJE000000104621,快捷快物流,2026-05-17 17:44:47,否,,	,
趣白全自动洗面奶打泡机感应泡沫机绵密泡沫礼品新品懒人洗脸神器,260517-075455609170431,已发货，待收货,168.99	,0.0	,0.0	,15.0	,0.0	,153.99	,168.99	,1	,2026-05-17 16:40:53,	,928653435663	,	,1877214163146	,	,	,	,无售后或售后取消,KJE000000103320,快捷快物流,2026-05-17 14:43:52,否,,	,
趣白全自动洗面奶打泡机感应泡沫机绵密泡沫礼品新品懒人洗脸神器,260517-205164429713274,已发货，待收货,506.97	,0.0	,5.06	,40.0	,0.0	,461.91	,501.91	,3	,2026-05-18 09:04:01,	,928653435663	,	,1877214163146	,	,	,	,无售后或售后取消,KJE000000104478,快捷快物流,2026-05-17 12:30:15,否,,	,
趣白全自动洗面奶打泡机感应泡沫机绵密泡沫礼品新品懒人洗脸神器,260517-641822943580933,已发货，待收货,168.99	,0.0	,0.0	,37.17	,0.0	,131.82	,168.99	,1	,2026-05-17 13:18:57,	,928653435663	,	,1877214163146	,	,	,	,无售后或售后取消,KJE000000101900,快捷快物流,2026-05-17 10:39:09,否,,	,
趣白全自动洗面奶打泡机感应泡沫机绵密泡沫礼品新品懒人洗脸神器,260515-645985758781435,已发货，待收货,168.99	,0.0	,0.0	,23.65	,0.0	,145.34	,168.99	,1	,2026-05-16 10:30:59,	,928653435663	,	,1877214163146	,	,	,	,无售后或售后取消,KJE000000096026,快捷快物流,2026-05-15 22:21:08,否,,	,
趣白全自动洗面奶打泡机感应泡沫机绵密泡沫礼品新品懒人洗脸神器,260514-370032023152997,已发货，待收货,168.99	,0.0	,0.0	,35.48	,0.0	,133.51	,168.99	,1	,2026-05-15 09:36:10,	,928653435663	,	,1877214163146	,	,	,	,无售后或售后取消,KJE000000090079,快捷快物流,2026-05-14 23:18:25,否,,	,
趣白全自动洗面奶打泡机感应泡沫机绵密泡沫礼品新品懒人洗脸神器,260514-228694453833998,已发货，待收货,168.99	,0.0	,0.0	,3.0	,0.0	,165.99	,168.99	,1	,2026-05-15 09:36:12,	,928653435663	,	,1877214163146	,	,	,	,无售后或售后取消,KJE000000090089,快捷快物流,2026-05-14 19:59:38,否,,	,
趣白全自动洗面奶打泡机感应泡沫机绵密泡沫礼品新品懒人洗脸神器,260514-586290379151348,已发货，待收货,168.99	,0.0	,0.0	,20.0	,0.0	,148.99	,168.99	,1	,2026-05-14 16:25:58,	,928653435663	,	,1877214163146	,	,	,	,无售后或售后取消,KJE000000088889,快捷快物流,2026-05-14 15:35:58,否,,	,
趣白全自动洗面奶打泡机感应泡沫机绵密泡沫礼品新品懒人洗脸神器,260514-648533808690032,已发货，待收货,168.99	,0.0	,0.0	,0.0	,0.0	,168.99	,168.99	,1	,2026-05-14 13:52:01,	,928653435663	,	,1877214163146	,	,	,	,无售后或售后取消,KJE000000087172,快捷快物流,2026-05-14 13:03:07,否,,	,
趣白全自动洗面奶打泡机感应泡沫机绵密泡沫礼品新品懒人洗脸神器,260513-460744343973568,已发货，待收货,168.99	,0.0	,0.0	,0.0	,0.0	,168.99	,168.99	,1	,2026-05-14 10:44:09,	,928653435663	,	,1877214163146	,	,	,	,无售后或售后取消,KJE000000086240,快捷快物流,2026-05-13 21:48:38,否,,	,
趣白全自动洗面奶打泡机感应泡沫机绵密泡沫礼品新品懒人洗脸神器,260512-305261473341305,已发货，待收货,168.99	,0.0	,0.0	,3.0	,0.0	,165.99	,168.99	,1	,2026-05-13 10:53:22,	,928653435663	,	,1877214163146	,	,	,	,无售后或售后取消,KJE000000081375,快捷快物流,2026-05-12 19:13:58,否,,	,
趣白全自动洗面奶打泡机感应泡沫机绵密泡沫礼品新品懒人洗脸神器,260510-001090578803562,已发货，待收货,168.99	,0.0	,0.0	,30.0	,0.0	,138.99	,168.99	,1	,2026-05-11 13:27:04,	,928653435663	,	,1877214163146	,	,	,	,无售后或售后取消,KJE000000071110,快捷快物流,2026-05-10 22:07:20,否,,	,
趣白全自动洗面奶打泡机感应泡沫机绵密泡沫礼品新品懒人洗脸神器,260509-628526958090943,已发货，待收货,168.99	,0.0	,0.0	,0.0	,0.0	,168.99	,168.99	,1	,2026-05-09 10:06:34,	,928653435663	,	,1877214163146	,	,	,	,无售后或售后取消,KJE000000063547,快捷快物流,2026-05-09 06:54:32,否,,	,
趣白全自动洗面奶打泡机感应泡沫机绵密泡沫礼品新品懒人洗脸神器,260506-539555336551068,已发货，待收货,168.99	,0.0	,0.0	,37.17	,0.0	,131.82	,168.99	,1	,2026-05-06 11:33:56,	,928653435663	,	,1877214163146	,	,	,	,无售后或售后取消,KJE000000053686,快捷快物流,2026-05-06 08:33:16,否,,	,
趣白全自动洗面奶打泡机感应泡沫机绵密泡沫礼品新品懒人洗脸神器,260502-606632681083762,已发货，待收货,168.99	,0.0	,0.0	,25.34	,0.0	,143.65	,168.99	,1	,2026-05-02 14:41:41,	,928653435663	,	,1877214163146	,	,	,	,无售后或售后取消,KJE000000041721,快捷快物流,2026-05-02 01:21:09,否,,	,
趣白全自动洗面奶打泡机感应泡沫机绵密泡沫礼品新品懒人洗脸神器,260427-202983380511922,已发货，待收货,169.0	,0.0	,0.0	,8.45	,0.0	,160.55	,169.0	,1	,2026-04-27 15:56:04,	,928653435663	,	,1877214163146	,	,	,	,无售后或售后取消,777404416003481	,申通快递,2026-04-27 10:54:14,否,,	,
趣白全自动洗面奶打泡机感应泡沫机绵密泡沫礼品新品懒人洗脸神器,260427-550680717670690,已发货，待收货,169.0	,0.0	,0.0	,0.0	,0.0	,169.0	,169.0	,1	,2026-04-27 10:49:32,	,928653435663	,	,1877214163146	,	,	,	,无售后或售后取消,777404379815369	,申通快递,2026-04-27 10:33:07,否,,	,